{
  "obsidian-emoji-toolbar:emoji-picker:open-picker": [
    {
      "modifiers": [
        "Mod"
      ],
      "key": "J"
    }
  ],
  "workspace:export-pdf": [],
  "insert-template": [
    {
      "modifiers": [
        "Mod"
      ],
      "key": "R"
    }
  ],
  "obsidian-excalidraw-plugin:excalidraw-autocreate-and-embed-on-current": [
    {
      "modifiers": [
        "Alt",
        "Mod",
        "Shift"
      ],
      "key": "E"
    }
  ],
  "templater-obsidian:jump-to-next-cursor-location": [
    {
      "modifiers": [
        "Alt",
        "Shift"
      ],
      "key": "E"
    }
  ],
  "obsidian-excalidraw-plugin:insert-LaTeX-symbol": [
    {
      "modifiers": [
        "Mod"
      ],
      "key": "L"
    }
  ]
}