{
  "collapse-filter": false,
  "search": "-path:_Templates/",
  "showTags": true,
  "showAttachments": true,
  "hideUnresolved": true,
  "showOrphans": true,
  "collapse-color-groups": true,
  "colorGroups": [
    {
      "query": "path:!Notes/Important",
      "color": {
        "a": 1,
        "rgb": 14725458
      }
    },
    {
      "query": "path:Daily file:2021-",
      "color": {
        "a": 1,
        "rgb": 11657298
      }
    }
  ],
  "collapse-display": true,
  "showArrow": false,
  "textFadeMultiplier": 0,
  "nodeSizeMultiplier": 1,
  "lineSizeMultiplier": 1,
  "collapse-forces": true,
  "centerStrength": 0.518713248970312,
  "repelStrength": 10,
  "linkStrength": 1,
  "linkDistance": 250,
  "scale": 0.45050811767578414,
  "close": false
}